reservation_id,probabilite_annulation,reservation_annulee
R002267,0.48656448803542635,0
R002852,0.30150890604235525,0
R003752,0.6435996782036817,1
R009926,0.6250014166052047,1
R000141,0.615600071773903,1
R004537,0.5620642917328661,1
R004983,0.5109228285683457,1
R005365,0.5500517844352246,1
R006971,0.60913450679299,1
R008403,0.6972940044679413,1
R008416,0.8267279558591368,1
R009595,0.5591539458357417,1
R009766,0.8360205443409628,1
R000233,0.3535762198443677,0
R000625,0.6266571680812004,1
R002042,0.6450658527968027,1
R003015,0.6547252493178065,1
R003117,0.5047837605704649,0
R003148,0.5689932177066113,1
R003676,0.3114424901356855,0
R006636,0.6571660100924092,1
R008171,0.24015649997749988,0
R002243,0.5262016357251036,1
R002302,0.5851146505475552,1
R002359,0.5723350323746454,1
R002654,0.3660827301079982,0
R003221,0.657369207203632,1
R003380,0.5882255193175613,1
R004049,0.5958504604319306,1
R008147,0.6181876127185642,1
R009760,0.48284495865905086,0
R000979,0.6598198019187305,1
R003368,0.6851185363127894,1
R009905,0.6158982050805409,1
R002964,0.254759222865539,0
R003403,0.6615265385730109,1
R003712,0.42570647882376544,0
R004881,0.42017042531316784,0
R006924,0.22446885325663504,0
R008031,0.3338757651727382,0
R009437,0.47749207909074076,0
R000644,0.6753351729085317,1
R002676,0.381885909911962,0
R003419,0.3204845918756647,0
R005008,0.5645942595045113,1
R005401,0.7083419867366803,1
R005804,0.5933091157167989,1
R007627,0.32609877399702775,0
R007851,0.6174563686883294,1
R000525,0.6659633003296538,1
R002285,0.6115299848145167,1
R003011,0.3849224761780248,0
R004110,0.35359805836589214,0
R004282,0.3172307278154626,0
R004532,0.4098204401485048,0
R004992,0.2297915137701871,0
R009219,0.40399836592336724,0
R009479,0.2338373477917249,0
R009731,0.5599283044502519,1
R003408,0.6014027290647757,1
R004766,0.37961318217244294,0
R005476,0.2583657245191768,0
R009380,0.6496816837584115,1
R000792,0.18614036932569,0
R001704,0.7282192294765992,1
R004631,0.5550993665184448,1
R005547,0.40323693673101757,0
R006305,0.38934853363939315,0
R008428,0.6220427705735199,1
R009641,0.24735797971414328,0
R000736,0.2508288877090229,0
R001176,0.6995712871404581,1
R002092,0.631703751170031,1
R005356,0.6536157826991312,1
R007599,0.6690151534417524,1
R007696,0.5268675665023211,1
R007792,0.644980462127818,1
R007832,0.6474622399077626,1
R008743,0.3993182139591141,0
R009077,0.3379903818807022,0
R009886,0.6098978259185308,1
R000268,0.6317840492417656,1
R004304,0.6167364300386327,1
R004455,0.5629638293146966,1
R005150,0.27086028710138865,0
R007424,0.3272064117127072,0
R004557,0.6679546521469168,1
R007129,0.5048430769378006,0
R007311,0.6129917320983562,1
R008725,0.4474095549986764,0
R008814,0.5756264143814205,1
R009426,0.5136684282356602,1
R000064,0.4313193934682329,0
R001270,0.48751729475932415,0
R002221,0.5984043753155092,1
R003274,0.6791431574765323,1
R007834,0.27563645493092936,0
R007847,0.6766921012107934,1
R008511,0.18500368740322987,0
R009727,0.38076751650938245,0
R001899,0.6281980872630908,1
R003259,0.3715222750921972,0
R003570,0.4847734932704826,0
R003800,0.5018658393679536,0
R005121,0.6026967377791618,1
R006029,0.6508619206229275,1
R006602,0.4426714106381451,0
R007495,0.4794840401907492,0
R009482,0.43293471569949665,0
R009883,0.5774500198658493,1
R001083,0.6641215785948781,1
R002503,0.38464894729538446,0
R002530,0.3631827303452204,0
R002531,0.2226086336118879,0
R004210,0.669472945722148,1
R005248,0.6872460379240135,1
R006536,0.6498699157661595,1
R006819,0.35656299856564755,0
R008672,0.4180127555798786,0
R009043,0.41216998480569095,0
R009454,0.6781986856983292,1
R000662,0.5889737552250421,1
R002687,0.15565004742666969,0
R002940,0.8279393401172758,1
R003028,0.6606638738524853,1
R003673,0.7209251705502197,1
R005329,0.48360073061534975,0
R005607,0.6752241854408186,1
R001350,0.584483631172531,1
R002425,0.6080735284663059,1
R002490,0.6407653653384354,1
R003061,0.21718374033007515,0
R003184,0.8000069358225617,1
R003367,0.33874662721155413,0
R003580,0.38365608888414343,0
R005333,0.6618228763334284,1
R006410,0.6678602913845291,1
R006745,0.6162845901834614,1
R008301,0.40285907985617103,0
R009668,0.4583749122061186,0
R001885,0.22506073901814294,0
R003843,0.5959490268376758,1
R006975,0.5780724843102604,1
R007622,0.6155618075027577,1
R008314,0.41729771626342477,0
R000576,0.5860112820596576,1
R000643,0.7918896485545859,1
R001751,0.3495066316696455,0
R002644,0.3881354782256236,0
R002915,0.485029476776941,0
R004055,0.6173770717621484,1
R004080,0.3443838592372322,0
R004396,0.2586369594173263,0
R004487,0.4110310577660311,0
R004764,0.6013305280789104,1
R009236,0.5649730095257037,1
R009248,0.3196133721789909,0
R000868,0.19230156393517622,0
R001921,0.5564187660660195,1
R001980,0.34729887376926794,0
R003255,0.18479385390065406,0
R003352,0.8010538527912963,1
R004781,0.5742104384541478,1
R005451,0.6015783776799359,1
R008598,0.6647313301727303,1
R009008,0.6173333087699582,1
R009902,0.2785927841337936,0
R000840,0.19301150199692396,0
R004985,0.419314900806312,0
R006216,0.6576633208188406,1
R006436,0.6305207628859557,1
R006517,0.5452542417701612,1
R007029,0.35039166041546493,0
R008694,0.7327530446500683,1
R009709,0.5623016890404959,1
R000053,0.3196819709388503,0
R001524,0.5880370688713067,1
R002217,0.2865671992625657,0
R003284,0.39447925865115224,0
R004852,0.36303771689485725,0
R006952,0.6426467085484714,1
R008413,0.4634286607078375,0
R009491,0.46771708791943467,0
R009891,0.600299449468951,1
R000075,0.555783293349625,1
R001443,0.5903849332354241,1
R001716,0.3418683639673144,0
R002219,0.2696811550418359,0
R003736,0.5735725202569004,1
R004279,0.5626412043059356,1
R005263,0.699226686360301,1
R005940,0.5347821481211761,1
R006181,0.5245742019794496,1
R006240,0.5866656289427326,1
R006655,0.607726024417175,1
R006996,0.6938307157701383,1
R007158,0.21619248453731135,0
R008257,0.33661016821580864,0
R001596,0.6749146207465235,1
R001679,0.37283511674215525,0
R003841,0.574220918007256,1
R006340,0.5885596910094736,1
R007191,0.40861596433108616,0
R007815,0.6080320974468734,1
R008658,0.6016836399423158,1
R009907,0.6280071346323496,1
R009942,0.29509891538507854,0
R000237,0.4878747328619202,0
R000785,0.5521982346918614,1
R001208,0.41240706453549547,0
R001392,0.5504761859940002,1
R002478,0.27679107909110356,0
R003276,0.5209177138746784,1
R006442,0.3239596419340501,0
R007884,0.24074992214356442,0
R001513,0.450045411982549,0
R002750,0.6282748792435049,1
R004480,0.6123037701887757,1
R004553,0.27393947025483906,0
R004966,0.43049927682837974,0
R005428,0.6344816753258219,1
R005716,0.6488228192271612,1
R006689,0.4923874407816677,0
R000301,0.7038303203937244,1
R001480,0.25929438458937626,0
R002874,0.48728840557023395,0
R002886,0.3713880023532418,0
R004994,0.6448299456453609,1
R006983,0.48107630046811456,0
R007743,0.6117524770393551,1
R008452,0.5544990186396044,1
R000114,0.22538674209279122,0
R003883,0.2663754335588924,0
R004393,0.7204868463209636,1
R004428,0.680227566549278,1
R000405,0.6659039570355543,1
R001500,0.4439235479600789,0
R004001,0.6262985628461047,1
R004775,0.26286257965796955,0
R004956,0.13959604296901693,0
R006185,0.6679933037912252,1
R007996,0.4085588761282025,0
R008152,0.8311351333459349,1
R000292,0.4923340660093566,0
R001776,0.5367186046848257,1
R003776,0.6776257052552439,1
R004267,0.6287802266133559,1
R004402,0.3531220152048198,0
R004464,0.17524630629652332,0
R004736,0.3609133855335457,0
R005907,0.3622762288686537,0
R007594,0.6868013249982804,1
R007849,0.6116838838931691,1
R008701,0.6942009800818468,1
R000189,0.6247754089164299,1
R002993,0.3521730454170584,0
R004807,0.6124133749660055,1
R005911,0.3368746613431336,0
R006087,0.4109910599227462,0
R007408,0.379622834867769,0
R007650,0.6170844172632262,1
R007983,0.5022787670456187,0
R009958,0.6452147193211094,1
R001614,0.38341512562188274,0
R002724,0.6228364602320341,1
R005149,0.3278815528960057,0
R006102,0.48114813582060373,0
R006813,0.7120056606552552,1
R008040,0.4676168077696194,0
R009103,0.45068520967799297,0
R009992,0.625719047104031,1
R003647,0.2762997144061423,0
R006561,0.6157446363606076,1
R007852,0.28130825677413546,0
R007868,0.4089837709741081,0
R008491,0.5830981341056366,1
R008492,0.4769243329735464,0
R009222,0.3370982286375619,0
R001695,0.5832920393187668,1
R003579,0.6101897038853545,1
R004262,0.16897339839246422,0
R007818,0.6882153058547151,1
R008813,0.5714047756919437,1
R008825,0.5635592590417605,1
R008985,0.5731848391641741,1
R000288,0.5679486353160572,1
R000439,0.34926236514919373,0
R001522,0.406473797741356,0
R003381,0.20080505740421994,0
R004522,0.5306965793884328,1
R009508,0.36081698510180554,0
R000853,0.6307535348953657,1
R001002,0.4702692792804014,0
R002642,0.577936994358532,1
R006706,0.5242741388533028,1
R006959,0.43703430477764477,0
R009334,0.6030494284986871,1
R009553,0.38862280021151074,0
R000134,0.6324485162155123,1
R000854,0.17251958313751087,0
R001803,0.6882997425538544,1
R003302,0.5374274105785984,1
R005425,0.5218853190194326,1
R005552,0.49994448495299093,0
R008114,0.7367374439152082,1
R009787,0.5535150010546189,1
R009836,0.6475565203900652,1
R009889,0.5722903058378822,1
R009896,0.6317444411488783,1
R001429,0.5953554673841887,1
R004718,0.2334526684409366,0
R005411,0.2893873606972128,0
R005914,0.17895967134359975,0
R005941,0.5502830979625513,1
R007500,0.6520904679473326,1
R001983,0.17667083509985138,0
R002813,0.5590164590118253,1
R003430,0.41743250091062745,0
R005067,0.4664192196758239,0
R006452,0.6724676167795548,1
R006587,0.7082799556333722,1
R006889,0.22472668222130573,0
R006986,0.5798500989350924,1
R008718,0.41334746378335097,0
R008758,0.6083228186995807,1
R000287,0.36829041802827145,0
R001583,0.6517120332963213,1
R001995,0.4003563417255324,0
R002518,0.2183138221448169,0
R002522,0.5154735166308062,1
R003667,0.6923565047903728,1
R004177,0.5858959051425761,1
R004820,0.5562951257612855,1
R005244,0.6792300237983638,1
R005653,0.6217324087725372,1
R008122,0.45877842752171155,0
R008245,0.47072342558761937,0
R008394,0.5712961280818379,1
R001709,0.8297558913185902,1
R003083,0.5828302375728742,1
R003852,0.683996269676153,1
R004333,0.7342004713073376,1
R007999,0.6938474693767296,1
R008312,0.2797864349575153,0
R009879,0.45983005942117766,0
R000056,0.5731029762524797,1
R000121,0.5170777207432088,1
R002149,0.42436149189511835,0
R004459,0.48736730563932523,0
R006054,0.6010890387114215,1
R000006,0.5888660759779227,1
R000042,0.4453221182905658,0
R001033,0.5634071858139125,1
R001219,0.6966017174992056,1
R003132,0.43370546137298926,0
R003554,0.12420775502436555,0
R003815,0.6557908842859274,1
R003851,0.6302314306130794,1
R003927,0.6596378733644253,1
R004313,0.3038709256959528,0
R004405,0.6026973914435748,1
R005052,0.7050389595633444,1
R006055,0.7582223124520867,1
R006125,0.5614627058144799,1
R006273,0.4676277755544341,0
R006384,0.6327971328930434,1
R006693,0.35877793498077437,0
R007836,0.35788839735676675,0
R008282,0.457765865354526,0
R009885,0.14711148565998097,0
R001021,0.56052488348958,1
R001188,0.4754174466599007,0
R001985,0.473935653340838,0
R002878,0.6638033578511532,1
R003681,0.5543522131686858,1
R005820,0.6579153592275331,1
R007519,0.30532047293255216,0
R009492,0.7444122840391562,1
R009821,0.51769493715586,1
R000593,0.6340938738792998,1
R000733,0.6303411597616528,1
R001172,0.6219396418465472,1
R001379,0.7763466105948997,1
R001951,0.23933745297778058,0
R002641,0.566694064726136,1
R003183,0.5761504629953055,1
R004265,0.5695877578921799,1
R006712,0.6687506281770048,1
R009588,0.5949559197791137,1
R000059,0.2185937410535407,0
R000265,0.6189511025167084,1
R000406,0.6334868825481648,1
R001641,0.12030218900042762,0
R002352,0.7071875474849846,1
R004559,0.613556219773883,1
R005783,0.18869102636637797,0
R006534,0.4250152800581836,0
R009531,0.4484821286814718,0
R000081,0.3796805639083108,0
R000186,0.3929206863183737,0
R001027,0.23806408466718176,0
R002782,0.4101049445309841,0
R002807,0.6068034092131299,1
R002838,0.5212732052563361,1
R003817,0.5255513391714791,1
R004359,0.3508673130480981,0
R004373,0.3158420678286504,0
R005063,0.5569771170366992,1
R006206,0.24931363082694458,0
R006514,0.6846450961341009,1
R007661,0.3945570114015537,0
R009789,0.6072608302127296,1
R003606,0.5445079703456444,1
R004092,0.6237565468785707,1
R004179,0.6729451064763029,1
R006223,0.5916109003144925,1
R006943,0.6450908414232293,1
R008244,0.5818008968875328,1
R008408,0.3420429580382093,0
R008921,0.5129222717775115,1
R009096,0.17081613407783536,0
R000528,0.5410345347729205,1
R001812,0.5740407567083553,1
R001986,0.20217507191759698,0
R002034,0.5363204448336211,1
R004250,0.40784197668726974,0
R004385,0.6391308405704085,1
R007702,0.494822065843846,0
R007720,0.591080973133215,1
R008759,0.5445399013541047,1
R008768,0.5761003826191001,1
R009030,0.6051884165472948,1
R009119,0.5955934232839722,1
R000388,0.5773068329316942,1
R002228,0.5478187920036091,1
R002646,0.6783623072500109,1
R002901,0.5578714567061561,1
R003341,0.5809056121193261,1
R004716,0.3052191869207896,0
R007185,0.42257256356749884,0
R008060,0.26258949600453535,0
R008812,0.3135357298074059,0
R000182,0.5390707927857699,1
R000417,0.6087038107882489,1
R000565,0.5259886931079082,1
R000626,0.4677604690930605,0
R002507,0.5634807136599242,1
R002761,0.5769984454176702,1
R003251,0.5695908565930892,1
R004946,0.682080253747829,1
R006362,0.6118525229269611,1
R006678,0.7503736114317963,1
R006915,0.4913371597716293,0
R006941,0.41013229170018467,0
R007205,0.2533791927307483,0
R008850,0.6348391151677872,1
R009386,0.4085709443761935,0
R009973,0.550206825162461,1
R000737,0.43687132671769363,0
R002543,0.5881739675835798,1
R004297,0.4781727903479601,0
R005903,0.600927196064136,1
R006277,0.5808566687379879,1
R008753,0.6159291805900744,1
R009173,0.3862826847471555,0
R009950,0.4458551746271572,0
R000726,0.6754776575585574,1
R001032,0.6407199703227854,1
R002906,0.657293628715259,1
R004273,0.3231053542887841,0
R004707,0.635315235389916,1
R004891,0.3547134368033753,0
R005925,0.6124455181259139,1
R006342,0.5382545331747859,1
R006657,0.6455297361443266,1
R009682,0.6221630512757195,1
R000524,0.7403359524089791,1
R000554,0.3544471843727023,0
R000911,0.167026467361829,0
R001526,0.5452205439093342,1
R001842,0.34827889188590777,0
R002966,0.4128456354791807,0
R003710,0.6031836856875795,1
R004912,0.7271742725255521,1
R004959,0.5486623273642428,1
R005482,0.6199141354498537,1
R006043,0.6066021939399113,1
R006543,0.26814267003384756,0
R007614,0.5341453723149333,1
R009844,0.6783281371110684,1
R001280,0.7126877062845839,1
R001377,0.571088363043812,1
R001939,0.47125503440647,0
R002971,0.6792754301683879,1
R005104,0.562385566060822,1
R006298,0.4202105539655645,0
R006396,0.2067134801148734,0
R007563,0.40923593738430675,0
R009825,0.4444331698075715,0
R001250,0.6583120716905638,1
R003155,0.5915512471408972,1
R003829,0.6359108723944816,1
R004430,0.6219015747011558,1
R006139,0.676382846330371,1
R004018,0.6014098571676761,1
R004346,0.4746311874382383,0
R007580,0.545269629845816,1
R008207,0.569494151789976,1
R009389,0.6101265748280177,1
R009827,0.6129141977541545,1
R001011,0.28096589773150954,0
R001563,0.13811526924935547,0
R002150,0.2783634524044705,0
R003609,0.5905220385803734,1
R004510,0.35071623473907587,0
R006300,0.5396367041045895,1
R008055,0.511166786363247,1
R008521,0.15278836780076413,0
R000544,0.3981940674816506,0
R000658,0.5839645736249102,1
R001100,0.5222458870088069,1
R001710,0.7029663571705197,1
R002002,0.4208097423470882,0
R006201,0.6077444853621807,1
R008251,0.5958093015044842,1
R000153,0.7120291106715532,1
R002247,0.7602760056073631,1
R003268,0.4517320257023652,0
R003908,0.5724892038150805,1
R004281,0.6493235150089666,1
R005728,0.37231551918013317,0
R006033,0.5274881718510592,1
R007039,0.45773789173412943,0
R009135,0.5439052875602169,1
R009818,0.680117964580924,1
R001020,0.6522798157669839,1
R001093,0.40351250915145453,0
R003176,0.4925201394013084,0
R004068,0.614820949798105,1
R004320,0.40400074557354954,0
R004568,0.5492964668478568,1
R006016,0.49642868967150894,0
R007087,0.4211523862422455,0
R007770,0.5501175812390424,1
R001137,0.5264189609063727,1
R001374,0.39189407676646587,0
R001736,0.5713113162394067,1
R001769,0.44352428941540134,0
R002871,0.5884698976345092,1
R006373,0.2645088917732322,0
R006509,0.572483436764576,1
R008047,0.5820888246620866,1
R008951,0.31837313870378237,0
R009806,0.23998094500622463,0
R000365,0.6544692124740896,1
R000384,0.6497429564111108,1
R001877,0.512898767347253,1
R003103,0.38446491505180713,0
R003517,0.6497296797166686,1
R005584,0.7145968048644004,1
R006690,0.25511138450700693,0
R007826,0.4098032529992943,0
R008724,0.7267186782950242,1
R009406,0.6310758903751986,1
R009549,0.5123332364684524,1
R001122,0.3808695169841029,0
R002597,0.5940650415405094,1
R002847,0.1492081593966324,0
R003382,0.6392096548482173,1
R006754,0.7135379647135268,1
R001341,0.6515553111242549,1
R001767,0.23483747702107358,0
R003393,0.6712707794198016,1
R008818,0.5628264099003444,1
R008908,0.7274584696735008,1
R009649,0.5430080864319679,1
R000196,0.22652829382915443,0
R001582,0.4559211559943427,0
R002305,0.1524380594025027,0
R003135,0.5931224902553361,1
R007075,0.6151621213629115,1
R008795,0.3914719631997191,0
R009133,0.29473961401912113,0
R002963,0.586838247658072,1
R002970,0.2991808581125574,0
R004978,0.6405084416821463,1
R005840,0.44799337936636147,0
R006837,0.6312605056491684,1
R007301,0.43515220420109046,0
R008170,0.4052708124182994,0
R009225,0.5114593054339105,1
R000357,0.5874398068943872,1
R000457,0.6388648419236916,1
R001490,0.6461166467653443,1
R001547,0.6506641163428679,1
R002086,0.5382948256020588,1
R003072,0.6722683065232455,1
R003355,0.2987293775929561,0
R003806,0.61026410569368,1
R004242,0.5593229582162861,1
R005418,0.5525699642739668,1
R006468,0.644585116487671,1
R007455,0.2201070439640264,0
R007493,0.31911101774706924,0
R007680,0.5864210887806833,1
R008426,0.6028075932603021,1
R009582,0.5342680569685675,1
R009664,0.32599922551769844,0
R001046,0.24025393338617185,0
R002236,0.6683180855043931,1
R002582,0.27765996788218106,0
R002952,0.21601646955956738,0
R005674,0.4466350473399985,0
R005899,0.6242808606702014,1
R006316,0.5190219392002504,1
R006411,0.6134016601455031,1
R007370,0.6447220045085773,1
R007525,0.6246388936573977,1
R007768,0.42873465811425887,0
R007923,0.5493677020332918,1
R008592,0.14135868011883437,0
R009365,0.18233185789327402,0
R009831,0.39681851525866235,0
R001945,0.51976572217839,1
R003945,0.22415112328106707,0
R004020,0.7481632235340754,1
R004589,0.35016718254465823,0
R005934,0.4091559534803586,0
R006177,0.21601674030561813,0
R008071,0.543132098886618,1
R008313,0.6045268243653089,1
R009025,0.7365785567062916,1
R009210,0.3401790343514453,0
R001527,0.13755800726935458,0
R002079,0.6398920095456265,1
R002322,0.5437043404744014,1
R004884,0.7068932365908627,1
R007323,0.5930008744202622,1
R008250,0.8238961170099597,1
R008580,0.587007747681108,1
R001354,0.6663444569988916,1
R002934,0.2873057969224575,0
R005750,0.4849421403867485,0
R006013,0.657628546360318,1
R008675,0.32475088923784007,0
R008695,0.3576064204309072,0
R008884,0.5763664021606345,1
R002240,0.6325868126031626,1
R002268,0.16886759730393672,0
R002590,0.6833656140338668,1
R002891,0.5767354133780093,1
R003314,0.6015040863869211,1
R003470,0.6814631781212237,1
R005026,0.648137275872276,1
R006417,0.5827750860132151,1
R006613,0.7137216316579027,1
R007044,0.6289347281785586,1
R008061,0.4462126300395659,0
R009163,0.4674827044566793,0
R004317,0.6477794367932427,1
R005298,0.5841667739759051,1
R006354,0.6328709569527681,1
R007164,0.6168347850325248,1
R007325,0.544675628625922,1
R009323,0.5633264894600808,1
R002483,0.6480772761949869,1
R002801,0.4025359883209526,0
R005032,0.636069817759238,1
R006454,0.5403439258963144,1
R006872,0.2596657316788057,0
R008331,0.679009195383947,1
R009152,0.4264704829447654,0
R009522,0.3214307773476385,0
R009669,0.5210128193231434,1
R009711,0.28822727780798263,0
R001047,0.45495376546155986,0
R001662,0.6548723145109382,1
R002357,0.6361595796277046,1
R005377,0.6339344477847013,1
R005395,0.6197767266803964,1
R006978,0.6440357370166948,1
R000987,0.43702798828912137,0
R001584,0.520573764760924,1
R002677,0.6290727289994821,1
R002785,0.5883412601736632,1
R003214,0.6254111702041064,1
R004211,0.5242263197837982,1
R007879,0.3521845251888083,0
R008086,0.20916815339989364,0
R008666,0.6522049004511529,1
R008740,0.6305532066706153,1
R009644,0.6404987198454012,1
R000739,0.6211494264629447,1
R003457,0.5549803875224018,1
R003964,0.5266160449376993,1
R004739,0.3350661453113586,0
R005053,0.4352452081802811,0
R006218,0.6457653760916945,1
R008938,0.44340254852112937,0
R009570,0.6411201071416782,1
R009589,0.6283894016889552,1
R002402,0.6729619327188606,1
R003172,0.49483082663842476,0
R003340,0.6643637954738963,1
R003445,0.6686532715113858,1
R003597,0.6368035208202792,1
R004391,0.1711215352567341,0
R005457,0.6712842636382844,1
R005551,0.565627847914888,1
R006256,0.6214329186888496,1
R009185,0.6375151871488414,1
R000722,0.28604209064287894,0
R000749,0.7279994867327698,1
R000989,0.5661974589975102,1
R001082,0.580598031577381,1
R001740,0.29397368186609446,0
R002423,0.647300668137981,1
R002429,0.5894181725422405,1
R005353,0.4899033792573958,0
R005897,0.5543339804493823,1
R006255,0.2153223537608184,0
R006614,0.6862383976350517,1
R009355,0.5980559175212576,1
R009448,0.49911552376338564,0
R001428,0.42945249598222357,0
R002420,0.5776755089715198,1
R005281,0.1221428888840063,0
R006654,0.5247655044173348,1
R008233,0.6750671770864912,1
R008781,0.35179928579348824,0
R009390,0.6520029883815756,1
R000799,0.6540317958841968,1
R002037,0.24751397014675505,0
R002453,0.6113425533002266,1
R002996,0.3532446940711648,0
R004563,0.45090723081313744,0
R004661,0.6394304023176962,1
R005133,0.15914026018367794,0
R006459,0.33459940309387787,0
R007008,0.5550040560260376,1
R008270,0.649051355593226,1
R000548,0.39558619682084734,0
R001263,0.2896276785427968,0
R001267,0.6370159344810835,1
R001755,0.3320684081732654,0
R002122,0.4205296035535649,0
R002904,0.2677346661367726,0
R003262,0.2996719717802804,0
R004039,0.7022684516095851,1
R004089,0.3315052509165562,0
R004278,0.5782949307742209,1
R004574,0.5855518121612114,1
R005947,0.5618219264588603,1
R006237,0.6361482212386603,1
R006665,0.5782011584232085,1
R008594,0.30560736151667817,0
R008649,0.5763721835993182,1
R000034,0.581825223961606,1
R001783,0.24519420814613221,0
R001953,0.4873382936627005,0
R002881,0.6475803353538744,1
R004776,0.6618876869189955,1
R005078,0.3601599342352926,0
R006343,0.6405220058451913,1
R006616,0.6116191334629785,1
R007038,0.570255571794779,1
R008212,0.3346980299976918,0
R002648,0.7233959651819003,1
R002959,0.6638428379218563,1
R003462,0.5824091591567798,1
R004375,0.4081675068295699,0
R005355,0.34774238459584195,0
R006412,0.5759272934529535,1
R008258,0.6237748797909244,1
R009951,0.5281720143339864,1
R001822,0.482155310200256,0
R001981,0.7115163243291865,1
R002805,0.6144718363108364,1
R003418,0.570985317765656,1
R006530,0.4146583359440508,0
R007422,0.5247857914924975,1
R000423,0.6013635368634277,1
R001186,0.1863089706966327,0
R001378,0.20162319644129476,0
R002301,0.5759855145304177,1
R002630,0.22151365138457282,0
R003663,0.4481515447906479,0
R003808,0.5750785885724431,1
R004650,0.1616047269985699,0
R004747,0.656247596150947,1
R005553,0.5176044030352138,1
R006532,0.33598079261393193,0
R006799,0.6294371012666163,1
R007116,0.570270387263742,1
R009379,0.5269094040009643,1
R000965,0.1322338355297595,0
R001119,0.6170313942431248,1
R001318,0.2755714360369264,0
R001937,0.649136819126027,1
R002253,0.22410630459496028,0
R003782,0.251073433750966,0
R003890,0.6679909547874482,1
R004152,0.1691344911653045,0
R006877,0.5720440602083443,1
R007210,0.5748114976643207,1
R008128,0.6194515506165388,1
R008151,0.6456617849546064,1
R009201,0.431441122051132,0
R009847,0.43220632766853173,0
R000560,0.468431889943318,0
R003288,0.49917748038305193,0
R003869,0.26614946694131575,0
R004048,0.29144520946160113,0
R004306,0.465306425216844,0
R004632,0.5248008525800261,1
R006047,0.5673178980667444,1
R006359,0.6072847859892637,1
R008179,0.5867820505803095,1
R009577,0.7087008979688606,1
R009758,0.4651770450398913,0
R002931,0.24206771859173454,0
R002944,0.5567577799271022,1
R005807,0.546365060108177,1
R006088,0.44021404925437463,0
R009784,0.3711495045490053,0
R000090,0.7538702793301607,1
R000852,0.6968823506819268,1
R001286,0.5237298889959522,1
R001322,0.31359890189426826,0
R003180,0.6512990603458039,1
R003258,0.3794391082178021,0
R003899,0.6016021861178151,1
R005730,0.5542103789149221,1
R006428,0.712582776018386,1
R006933,0.14195826235228606,0
R008382,0.5572195148218717,1
R009563,0.36009562692805946,0
R000514,0.531676485406136,1
R000556,0.6357172762273208,1
R005456,0.6000328121407041,1
R006421,0.3849887186990866,0
R007830,0.42008504282455067,0
R008283,0.6218061267808425,1
R008601,0.3144900275814023,0
R009465,0.1599590773505496,0
R000067,0.6063918172334627,1
R000703,0.8024770035135652,1
R001059,0.595941170171551,1
R002035,0.5974465452486348,1
R002855,0.42870854388922003,0
R003203,0.5475157832185084,1
R005233,0.66520126433195,1
R006162,0.17516397975749756,0
R006224,0.17597955859439202,0
R006863,0.6338191708397604,1
R008172,0.8509673890142001,1
R008637,0.6453567723339415,1
R009316,0.6099777737606876,1
R009344,0.5553811952894592,1
R002440,0.6666693859825703,1
R002689,0.5941735966881659,1
R004512,0.6073331069169894,1
R006176,0.33138561881873135,0
R006835,0.6183057476806302,1
R006958,0.533990646819942,1
R007057,0.3820733715683679,0
R008074,0.6570062686087257,1
R008696,0.15255760080819478,0
R000296,0.6128049251067228,1
R002148,0.5485609030570666,1
R003060,0.5703769484567185,1
R003201,0.6458892413102489,1
R003887,0.35629460146708486,0
R004577,0.5945050251822842,1
R005595,0.689755568929539,1
R006499,0.24275815580125487,0
R008177,0.4758245100657133,0
R009116,0.368512968953195,0
R009347,0.7228107059495447,1
R009750,0.2889826992201583,0
R000018,0.5921231824203095,1
R000200,0.53851342949175,1
R002872,0.2205947882532981,0
R003508,0.2617020425115669,0
R004169,0.6716901012346622,1
R004207,0.7146062512839995,1
R004828,0.27129840749873296,0
R006286,0.6830410501329924,1
R004497,0.6519888002951149,1
R006311,0.5754113269744998,1
R008121,0.3313433261585941,0
R008843,0.4019254633802401,0
R008846,0.13837137780539674,0
R009050,0.6145488816157056,1
R009063,0.5871899510207291,1
R009584,0.40011793655702405,0
R009707,0.5731313086665732,1
R001461,0.24523754953157018,0
R001542,0.5632860127127991,1
R005689,0.47981859233959506,0
R005731,0.26570428245891764,0
R007281,0.43169386805503573,0
R007675,0.5711139292502574,1
R008390,0.2972093316043059,0
R009020,0.5283742373729478,1
R000143,0.27310093728728185,0
R000903,0.5918465518103757,1
R001476,0.5414513870565523,1
R002246,0.261255430634828,0
R002459,0.6073326756536888,1
R002479,0.5815708582537976,1
R002978,0.650215586884979,1
R003553,0.40979979517377363,0
R004501,0.3902932964446283,0
R004701,0.6302136933937578,1
R005594,0.49883179796403704,0
R006400,0.3386262705030023,0
R007024,0.3359891267315833,0
R008853,0.3781927447427226,0
R009045,0.586003633216081,1
R009908,0.6841811152567145,1
R000069,0.24114018412732238,0
R003104,0.6353731472158164,1
R005349,0.392227348821471,0
R006686,0.4715545155752623,0
R008575,0.4150448902450608,0
R009088,0.5476416384668003,1
R009182,0.13240240748291063,0
R000575,0.1338690908587036,0
R001996,0.6618727824725126,1
R003397,0.2729749891243419,0
R004021,0.5861697761178506,1
R004263,0.6367704983960008,1
R004540,0.4388357806258809,0
R004737,0.36726008705791613,0
R005705,0.27156174441325853,0
R005754,0.3266623093892269,0
R006325,0.24043006920109108,0
R000073,0.19201957232292985,0
R000994,0.5412685563245158,1
R004792,0.30129487910850844,0
R004875,0.6387371492713849,1
R005278,0.47395849671542556,0
R007373,0.6101422810141196,1
R007487,0.3019891604812367,0
R008719,0.6440064017571105,1
R008869,0.16470195302508536,0
R009305,0.42233857725644836,0
R001151,0.29395487535029113,0
R001340,0.3942627158137649,0
R003080,0.63245122612954,1
R003879,0.5263420909306097,1
R004162,0.4058734934398075,0
R004368,0.5494950131363413,1
R005106,0.6363430735589454,1
R007251,0.607424129094506,1
R009970,0.5003203030671171,0
R003098,0.7485799072039409,1
R003867,0.5580750559544826,1
R004066,0.5520355538615146,1
R004188,0.49993743532427093,0
R004192,0.5632238247361429,1
R005442,0.3525961946400315,0
R005453,0.6668124157554538,1
R005567,0.5856698363385636,1
R005805,0.6577246268771977,1
R007579,0.5307333584179659,1
R008124,0.5653652561459438,1
R009366,0.5988052477397171,1
R009676,0.6236871579086525,1
R009710,0.6727530010345814,1
R000026,0.15032789886302636,0
R002054,0.44942721174662964,0
R002656,0.27436201442571634,0
R003157,0.5623048416579192,1
R004108,0.757321709685731,1
R004142,0.5285241747501241,1
R004322,0.1358591772445512,0
R005978,0.47662745188724853,0
R007368,0.266408299483331,0
R007899,0.5211182445784608,1
R008805,0.43404237942352447,0
R000226,0.5267564219106026,1
R000247,0.34802578738599615,0
R000433,0.26410004483278765,0
R002016,0.2795643303232965,0
R003718,0.2770374429295155,0
R005835,0.35825926374971223,0
R007776,0.2807601536537078,0
R007881,0.636650368421931,1
R008410,0.7012517178713175,1
R009934,0.5819682785602657,1
R001170,0.5605545594046669,1
R001919,0.2638275633228089,0
R001967,0.5865601468239919,1
R005951,0.7978867898741913,1
R006723,0.5714780004471294,1
R008044,0.46279422376992824,0
R000564,0.41613225646787577,0
R001455,0.4192623557223711,0
R006235,0.4588572004125435,0
R006695,0.5309496689223936,1
R008202,0.665319847910243,1
R000680,0.6817875412680473,1
R001160,0.3533542411283246,0
R001765,0.6783507509716596,1
R002740,0.5877350979699608,1
R006882,0.5039203779798012,0
R006981,0.5679280809728733,1
R007955,0.5394542671925268,1
R009081,0.34720628234214734,0
R001586,0.6159831347002047,1
R003550,0.286958514794388,0
R003689,0.6470921886191295,1
R004182,0.28482533504719443,0
R004240,0.6914242026886136,1
R005211,0.7282295779889024,1
R007201,0.4260442635993226,0
R007407,0.3440922720204269,0
R007801,0.6219798099442456,1
R008085,0.6330529302228503,1
R008765,0.5557916859110077,1
R009487,0.4140848135495951,0
R000649,0.4071321612688768,0
R003066,0.3272562832542115,0
R003159,0.21227386274695675,0
R004973,0.5209988885675224,1
R005511,0.3355462280444362,0
R005760,0.43988660828121257,0
R006791,0.5736963284056064,1
R008294,0.2987270894233786,0
R008296,0.3201634669528971,0
R008671,0.5356606876093577,1
R002586,0.6081709360901653,1
R003427,0.51958621996808,1
R003794,0.24167109543086066,0
R004008,0.27231305337314066,0
R004019,0.32894482017281895,0
R005954,0.15641467717534696,0
R006617,0.8484962883140733,1
R006676,0.15551123840421555,0
R007183,0.5806482261643476,1
R009327,0.36046449649133117,0
R000070,0.5674019432355879,1
R000825,0.4806804777501705,0
R001660,0.3223723891260578,0
R003102,0.4631857596555807,0
R004687,0.6796450095126052,1
R005968,0.4084159270991037,0
R006942,0.5551439986836091,1
R007346,0.15011072270029988,0
R008722,0.4706922150829151,0
R000861,0.6089450931306225,1
R002114,0.6211459307064278,1
R003356,0.6352986375915666,1
R005016,0.5278856290966902,1
R005905,0.29875734128341663,0
R005906,0.3263208645501457,0
R008723,0.2978239334234417,0
R009349,0.2645606554020101,0
R000812,0.6456213200647182,1
R002207,0.45079543080396917,0
R002316,0.5605524122738484,1
R002486,0.5663008486546495,1
R004222,0.8362287783973625,1
R004850,0.6316755536048287,1
R005935,0.7258736230964165,1
R006622,0.6548864887284945,1
R007824,0.36073899025036726,0
R008036,0.6614521131799086,1
R000945,0.42573508557112827,0
R001516,0.6240512949220849,1
R003079,0.5683980304435946,1
R003761,0.2967146013730024,0
R005030,0.5205732705102897,1
R005733,0.5620385416747825,1
R007389,0.592749771558839,1
R007492,0.2405564394414253,0
R008033,0.6560186469649738,1
R008169,0.44561590264576695,0
R009618,0.41438085087912785,0
R000470,0.5427691409148689,1
R001104,0.1947959122179686,0
R002248,0.23159328723613345,0
R003329,0.2510362454775079,0
R007667,0.7399250828253183,1
R001144,0.32040446518326443,0
R002295,0.26030381007104897,0
R002577,0.27181168034586345,0
R006767,0.663873331133904,1
R008162,0.22987345069421422,0
R008670,0.7429878448583667,1
R009523,0.6020210266307744,1
R009856,0.3787173915651329,0
R000483,0.3254991502965592,0
R001733,0.5801964701874675,1
R002201,0.2888491455484784,0
R002448,0.5839387691002248,1
R003790,0.6709676833809056,1
R006106,0.22602636956016062,0
R006890,0.5812139209810626,1
R007142,0.5348680209101222,1
R007856,0.4636196831495242,0
R009526,0.29912044811180616,0
R002249,0.4927798142690529,0
R003186,0.4670510281930401,0
R006166,0.6620944259751884,1
R006221,0.6559442952998669,1
R006251,0.5699447212361526,1
R007001,0.3917672198608242,0
R009499,0.4557427949147955,0
R002287,0.17883310087040544,0
R002318,0.595974498289142,1
R002770,0.6477545704858313,1
R002896,0.4720964237831663,0
R003758,0.28397434511352737,0
R004475,0.1832693236124269,0
R004674,0.5308574647769926,1
R006128,0.5678288161151503,1
R007676,0.5605321777853763,1
R007946,0.7694425875857811,1
R008539,0.6677306982185309,1
R008593,0.312943430868022,0
R008716,0.5518125905514836,1
R008777,0.5711983133479142,1
R008791,0.17082026889500626,0
R009035,0.6809068176671541,1
R000091,0.4510033396777311,0
R000398,0.5809076418363978,1
R001175,0.23325214819809245,0
R005317,0.20397030452526568,0
R005546,0.12720087191128945,0
R005633,0.6075486907591149,1
R008630,0.3184560518051636,0
R008988,0.36775794385869987,0
R000765,0.6210910305251541,1
R001829,0.45128743598037213,0
R002120,0.27508014737361736,0
R003930,0.40263913467490287,0
R006239,0.4771612483329277,0
R007432,0.5371505658783906,1
R007907,0.5451984685785937,1
R008364,0.7103852910626015,1
R009258,0.326540540087942,0
R000240,0.5721781341883763,1
R000912,0.324601230834922,0
R006155,0.5737052195971678,1
R006287,0.1156876285299298,0
R008680,0.17474731416931774,0
R009314,0.1326358707051079,0
R009532,0.7001371020233178,1
R001914,0.36331702655171083,0
R002229,0.5552771966723065,1
R002361,0.3553106459874188,0
R003917,0.2533779572858988,0
R005836,0.5514989690263598,1
R005992,0.6974364248427329,1
R007914,0.5865401889219573,1
R000919,0.5341321485402651,1
R001307,0.4216430959490639,0
R001400,0.2326510022575447,0
R001537,0.1586808845600187,0
R001637,0.3146427862959887,0
R002447,0.41998208248995283,0
R002691,0.6314109635517965,1
R005253,0.6487830924912223,1
R005625,0.6428784046820057,1
R009937,0.7169193380000984,1
R009978,0.5910308016032381,1
R000317,0.6564207737792225,1
R000578,0.2859165617326715,0
R001502,0.49766491946189817,0
R001711,0.6385805935994548,1
R003277,0.42889452643568526,0
R003915,0.5868376024044176,1
R005600,0.18811686103736525,0
R006771,0.5525379332503844,1
R008968,0.47300054825941695,0
R009075,0.3856565120119802,0
R009168,0.6480004111169575,1
R009764,0.26127270902371486,0
R000934,0.6230178665237289,1
R003147,0.6259780502371957,1
R003230,0.7633696104844807,1
R007891,0.5836488688340824,1
R008714,0.6736588831940777,1
R001433,0.759122963381578,1
R003901,0.588341176813546,1
R004155,0.41087075685253777,0
R005996,0.48927753320671,0
R006900,0.4190682137562747,0
R007081,0.5437127087507848,1
R007250,0.5852013170495411,1
R001396,0.5127518569425991,1
R003459,0.6407687897853116,1
R005337,0.44245603177601767,0
R000185,0.400152669519737,0
R000426,0.5767749143919781,1
R000588,0.66175772889197,1
R000589,0.4109344026771221,0
R000776,0.6256887113376518,1
R000885,0.4760474949448133,0
R001373,0.2018120693861371,0
R001403,0.39720304660883926,0
R001610,0.3160880614802494,0
R002143,0.6674606155563557,1
R004521,0.27791257526576485,0
R005960,0.5776082926266878,1
R007247,0.7368634442075934,1
R008438,0.27911275156641846,0
R009674,0.4219403318230484,0
R000341,0.5970577035725152,1
R000487,0.6483594611111761,1
R001085,0.5896733169035079,1
R003003,0.29653513966429595,0
R003561,0.4856386246747831,0
R004070,0.580072882566211,1
R004147,0.6244182216390202,1
R004918,0.4172831744714186,0
R005170,0.13768590011386506,0
R005225,0.46714451952270225,0
R006934,0.5530795978178983,1
R007071,0.342531547331679,0
R008875,0.2716526561798888,0
R000005,0.6685986540190738,1
R000600,0.6544197664894112,1
R002809,0.6141382135564533,1
R002869,0.43532674763907475,0
R003254,0.7437829081155373,1
R005572,0.6808584063415023,1
R006053,0.6633503630043894,1
R001726,0.5732373933512708,1
R002029,0.34602086083018013,0
R002110,0.26990807841172004,0
R002474,0.43070069511847464,0
R003051,0.6722851183343651,1
R003785,0.5759844856664063,1
R004036,0.19251566961771893,0
R005341,0.5953033078815404,1
R005533,0.7251535011973615,1
R006521,0.6550234243467095,1
R008067,0.37004491425228875,0
R009243,0.355175461540299,0
R000709,0.4891429650302326,0
R000887,0.680628058130312,1
R002064,0.6591222041363815,1
R002491,0.614462136696956,1
R003433,0.39875446551746757,0
R003959,0.3127309346693139,0
R008218,0.33972480235061936,0
R008643,0.3286997242241766,0
R000898,0.6315045925361754,1
R001299,0.5377027724002638,1
R001672,0.6694018490640751,1
R002220,0.3900952833753855,0
R002266,0.32908653731790494,0
R002853,0.16205657158152176,0
R004844,0.5105281571827759,1
R005491,0.40825149733040295,0
R006792,0.6237022130199276,1
R001079,0.6239717139340882,1
R001608,0.18035114764185087,0
R001721,0.537834051725364,1
R001778,0.5763915154126878,1
R003827,0.6422925003738121,1
R003911,0.6719708633996365,1
R005799,0.1603120134088939,0
R007189,0.7148078743451591,1
R007643,0.5509871780478407,1
R008623,0.733445867736313,1
R000555,0.5341550820227006,1
R001498,0.47174485086852247,0
R001625,0.1732085563667182,0
R004302,0.48073721703586797,0
R006369,0.67047503021558,1
R006957,0.6528856523718013,1
R007878,0.5386626062025438,1
R008434,0.6062315328418928,1
R008823,0.4062885940960509,0
R009170,0.6464846111184075,1
R009705,0.3549976753950342,0
R001870,0.6483369931103439,1
R002123,0.2979212949094905,0
R002255,0.8470851323733473,1
R003909,0.6530368244984862,1
R005231,0.565335288331521,1
R005801,0.6118064419434559,1
R005981,0.6635325825895936,1
R006859,0.6583733387508209,1
R009403,0.5282815715141982,1
R009528,0.5018019380639348,0
R009808,0.6885129495493197,1
R001987,0.20875142083931514,0
R005443,0.5713377125797154,1
R006743,0.33568298897759324,0
R007262,0.6003246735381935,1
R007611,0.5741083445991683,1
R009620,0.4371847153266362,0
R000094,0.5643624064391571,1
R000285,0.6659330775437461,1
R000771,0.20828557652740687,0
R001130,0.636275894185402,1
R001402,0.2996358827081772,0
R001703,0.6116895625511163,1
R001904,0.5170616406021372,1
R002371,0.5771555755032043,1
R002563,0.24340283282453976,0
R004154,0.6526945983242518,1
R007928,0.6985775713427688,1
R007968,0.25195646467422256,0
R008285,0.65733088388554,1
R000599,0.33781825864238685,0
R000769,0.46089928039256184,0
R002250,0.5360974420597912,1
R003687,0.3345698939686529,0
R007629,0.1336950615591928,0
R008278,0.6897331777945443,1
R001988,0.6304496946153952,1
R002094,0.7330444769838469,1
R003252,0.35483002684265486,0
R003521,0.5255924461421209,1
R003737,0.37780508950734676,0
R006302,0.6190650177595622,1
R006852,0.23534091371271942,0
R009427,0.40789884816438876,0
R000413,0.5630848508899181,1
R004045,0.37467685739942935,0
R005623,0.21027267346365489,0
R005668,0.36294874978161557,0
R006506,0.5565310648572428,1
R007855,0.6937762353529975,1
R008687,0.5315057287842103,1
R009146,0.7208501231257439,1
R009547,0.4744840657684838,0
R000330,0.49362422642988324,0
R003865,0.36546114498194776,0
R004084,0.1887219972233946,0
R004363,0.5671853925509263,1
R007021,0.4386657307165287,0
R007605,0.5215133443760458,1
R009592,0.5700800559479354,1
R009807,0.5086889081148722,0
R001412,0.6463843479892755,1
R005683,0.6751149718639184,1
R006203,0.6767137094204428,1
R007509,0.5092816840315931,0
R008144,0.39472146032829697,0
R000031,0.6519755252577784,1
R000381,0.22124333088602682,0
R002009,0.6430242256016009,1
R002206,0.3986813690448804,0
R002488,0.5159481752723962,1
R003589,0.34072497154368464,0
R004094,0.635394598624805,1
R004965,0.6460365315126244,1
R006248,0.6905693439672622,1
R006418,0.6133272441757445,1
R009688,0.35686666235162934,0
R000373,0.639021229205243,1
R002516,0.6250011484855245,1
R002707,0.3317938766003092,0
R003873,0.5332070232383704,1
R004364,0.6080087953520209,1
R008372,0.2869108262592725,0
R008839,0.6204218362511165,1
R009121,0.6388526244741684,1
R004703,0.7818193396694091,1
R004962,0.6252482766759372,1
R005079,0.6377043272759298,1
R005550,0.23616212233511202,0
R005813,0.582000916407629,1
R006077,0.6175028114877881,1
R008167,0.6169954196113543,1
R002326,0.653804550415272,1
R002339,0.2809693227969947,0
R002683,0.17192265874178225,0
R005274,0.5311765248848738,1
R005891,0.717610344643897,1
R007903,0.18385568736356164,0
R008137,0.4112783786342789,0
R000313,0.6404904417759208,1
R003005,0.20120474203867694,0
R004433,0.1574043460716814,0
R004930,0.26390832688787397,0
R005939,0.5596042622727204,1
R006545,0.252046144927777,0
R008216,0.57811285431874,1
R000374,0.6798628113068012,1
R002050,0.635396993019311,1
R002699,0.4851487741140915,0
R002939,0.6491597661592875,1
R003939,0.7504444081196832,1
R006524,0.2862125515678644,0
R007289,0.5683188176910896,1
R008103,0.4242478046440672,0
R008691,0.4636073989086447,0
R002340,0.7494581329684185,1
R003283,0.5856032383257531,1
R004370,0.20996350371479536,0
R005927,0.5834554585276184,1
R005971,0.14884991985661145,0
R006357,0.3549968445259691,0
R008855,0.3647084260189654,0
R000269,0.6447710089475889,1
R000289,0.16908198151300785,0
R000890,0.30512584054628583,0
R002018,0.677220742580384,1
R003603,0.5121886339710628,1
R005819,0.5796043378464049,1
R007259,0.5881410393288118,1
R007617,0.3623892695862539,0
R008129,0.6580593296861951,1
R008383,0.5733254838177403,1
R008741,0.17481362076021129,0
R009306,0.6040025612824494,1
R000054,0.6870125669452846,1
R001253,0.4000880460575416,0
R003425,0.3475090979265541,0
R004919,0.7071713230045281,1
R006263,0.43747202089521986,0
R006313,0.7066245647377869,1
R009140,0.5387534004028555,1
R000546,0.20925422204899316,0
R001404,0.5279175277244924,1
R002987,0.16458941574903518,0
R003018,0.590941021944346,1
R003641,0.5114368237150729,1
R003818,0.5661887265846682,1
R005957,0.3687173375288684,0
R006556,0.7079357882822132,1
R008877,0.27079593885973857,0
R009495,0.2813393111055993,0
R009496,0.573117669240909,1
R009715,0.5138336338779128,1
R009752,0.5970635716500658,1
R001469,0.30910330229881544,0
R002028,0.5550035581740697,1
R003101,0.5618080197947007,1
R004023,0.39850201500574606,0
R006063,0.32512933667040944,0
R006150,0.6536660514712737,1
R009702,0.6394557551990557,1
R000072,0.574658606229496,1
R000725,0.3712743133343532,0
R001568,0.6650415675114004,1
R006920,0.568999439285581,1
R008405,0.6271958196220156,1
R000318,0.587598886067432,1
R003056,0.580415136711533,1
R003467,0.53150895279478,1
R006036,0.30183937274178096,0
R007348,0.5378261971174838,1
R007482,0.5445475317496914,1
R007483,0.6839068196815865,1
R007621,0.7461813058626922,1
R007890,0.5731215481115338,1
R008711,0.6100470958558883,1
R009767,0.2703228733179924,0
R001884,0.4171137218459547,0
R002946,0.3079253312957099,0
R005074,0.6009653007654572,1
R005530,0.6895248239240752,1
R006512,0.6214598721261716,1
R007975,0.31768616138299677,0
R008356,0.13992175045426986,0
R008684,0.6221002149097046,1
R008960,0.6389547162379656,1
R000312,0.23592119590498195,0
R001024,0.3623320995925284,0
R001570,0.6495597045281296,1
R002019,0.6545338455765973,1
R002291,0.2157717537849767,0
R003093,0.6437851518867848,1
R003202,0.3561784772036637,0
R004407,0.6044499573311787,1
R006157,0.5589935858529366,1
R006227,0.7873112731334969,1
R007274,0.7635287991853827,1
R008195,0.6962136055213961,1
R008518,0.5430489886391633,1
R009319,0.6651729026989927,1
R009396,0.5278049319328091,1
R000272,0.5915726644550007,1
R000511,0.28754057797784893,0
R001138,0.5092843890026415,0
R005641,0.3798927969470452,0
R005667,0.44339072542507607,0
R007700,0.6446763324999906,1
R008376,0.28791311587989105,0
R008656,0.6684326405766516,1
R008889,0.6915951227148744,1
R009128,0.5728446246217789,1
R001347,0.6282966503448257,1
R001616,0.32743618646860867,0
R003464,0.6103420654588151,1
R003533,0.6853738263827927,1
R003755,0.4588059744085063,0
R003886,0.5586734951525494,1
R005596,0.4665130189880326,0
R006618,0.1317507941785338,0
R006765,0.4029151637484086,0
R000635,0.48156412906499446,0
R002093,0.5775113820041863,1
R004392,0.5459339028474329,1
R006323,0.6023805135681857,1
R007754,0.3394532040608154,0
R008989,0.7418158957457675,1
R009434,0.19274924826367207,0
R004426,0.3151301041719308,0
R004580,0.4080670401641673,0
R006408,0.2858034058732368,0
R007439,0.26986626338880454,0
R007513,0.5732460674365437,1
R009542,0.6700008505141433,1
R001075,0.4305278123513517,0
R001748,0.5017252189571341,0
R002526,0.31613668161939035,0
R002545,0.6563836059246726,1
R002631,0.3421762682765646,0
R005066,0.40772676204844205,0
R007290,0.40406759354454,0
R007382,0.5693490697193849,1
R007772,0.5030357311943584,0
R009955,0.6380067298057938,1
R001551,0.5741593985365854,1
R003717,0.5161376460703446,1
R005647,0.7041002615117122,1
R006568,0.6098390031893404,1
R006857,0.6911103637215824,1
R006861,0.6994950182043053,1
R007105,0.3862026190012132,0
R008010,0.4364060598192709,0
R008029,0.6428678940822926,1
R008546,0.4426921039756206,0
R009782,0.11228143141276926,0
R000907,0.6819001919913051,1
R001155,0.6201510356601816,1
R003920,0.2010579218539205,0
R005738,0.3320397170097574,0
R008496,0.34825227874705444,0
R008678,0.1990113934928539,0
R009450,0.6837481989621468,1
R009677,0.6338410623136038,1
R001867,0.35599448622278923,0
R003972,0.5480728880363935,1
R005116,0.5841761406061768,1
R005781,0.6111841089593979,1
R006103,0.5803319071595152,1
R007697,0.5978174358002942,1
R008068,0.38455648959459177,0
R000781,0.6282680854653769,1
R002665,0.5733108066601184,1
R005537,0.4898452134978916,0
R005761,0.1583080013883037,0
R006635,0.36947916872072534,0
R006651,0.23268366638923452,0
R006685,0.2525455382594105,0
R007215,0.6699014809782174,1
R008871,0.39633012301902415,0
R009089,0.6628450030751228,1
R009548,0.10004763527772012,0
R001008,0.600071022848302,1
R001262,0.6588369651368858,1
R001464,0.4371838188523723,0
R001506,0.6578558872227818,1
R002492,0.6685395750994979,1
R002806,0.4588336186818506,0
R003359,0.6604876359251903,1
R003389,0.3445202552775245,0
R003678,0.6251212588185823,1
R004505,0.30319336083098086,0
R005675,0.4555518587393436,0
R006111,0.6185047136367444,1
R007876,0.6211218861461251,1
R009507,0.1487983625912965,0
R009851,0.6294430955493707,1
R001087,0.6766257736668807,1
R008126,0.580938542120199,1
R009959,0.43773502872400993,0
R000482,0.4290143077635704,0
R000938,0.6535981782584189,1
R001688,0.6806230456372018,1
R001878,0.40705429909845414,0
R002101,0.6672839104858402,1
R002286,0.5711614789936916,1
R002729,0.313432061156804,0
R002756,0.6491867330396658,1
R004424,0.4664877274284122,0
R009062,0.319663817525481,0
R001243,0.5930001504557464,1
R001911,0.4194882058307958,0
R001968,0.7414583939377094,1
R002182,0.5861858279790617,1
R002776,0.5863163320522509,1
R003443,0.2178975203164871,0
R006510,0.5452574402124918,1
R006898,0.3445925437239404,0
R007284,0.2970115289414449,0
R008544,0.2531015105610594,0
R009237,0.6847209508651674,1
R009673,0.7072287652435849,1
R009722,0.5078913475274233,0
R002049,0.5947765326469295,1
R002081,0.7073352277372273,1
R008739,0.8014531234450343,1
R009272,0.5162942355292041,1
R000115,0.5895849690078497,1
R000250,0.3252205127810789,0
R000951,0.31683512636912187,0
R001595,0.5680132487951668,1
R003082,0.4497919280095621,0
R003742,0.18808411363254732,0
R004819,0.3624401721989082,0
R005126,0.7435194518295005,1
R005467,0.7261536433428776,1
R006127,0.5849032206607173,1
R007327,0.5754619669685026,1
R007726,0.2811832079513382,0
R008181,0.5695899421431353,1
R005025,0.39053582773501233,0
R005499,0.38873968083868754,0
R005520,0.2465134907529122,0
R007319,0.6008885844086911,1
R000627,0.6140358018788018,1
R001538,0.5820658543254894,1
R004513,0.612612780358591,1
R004550,0.3227765762221325,0
R005435,0.5971844334082275,1
R006624,0.5619063528629081,1
R007004,0.5609747298596655,1
R009346,0.4761275118391824,0
R000540,0.6085439952393108,1
R000842,0.5750705336201816,1
R001993,0.6771530169990311,1
R003081,0.5224201616928552,1
R004180,0.6307764466968362,1
R005083,0.49729601873549334,0
R005833,0.41208184338681353,0
R007623,0.5017047232836944,0
R007953,0.8140827026282952,1
R008342,0.6825095126751,1
R008793,0.608681032327993,1
R000324,0.5493876025427917,1
R001328,0.6721582967737726,1
R001339,0.7134166689005768,1
R002348,0.5994094454297281,1
R005151,0.3984297709036436,0
R005284,0.634409981362181,1
R005882,0.2349766015329229,0
R006591,0.6424016252650275,1
R006785,0.6374756600584613,1
R008636,0.5112372611970468,1
R000665,0.3210777652518263,0
R000925,0.19217677527691598,0
R002138,0.6111431468017501,1
R003070,0.6633633169528265,1
R005461,0.6488628805587873,1
R005815,0.32334531935111327,0
R007845,0.2630075198179535,0
R008333,0.5740852814577323,1
R009256,0.6214109966958813,1
R000952,0.5651527006598561,1
R001295,0.5728100763291712,1
R001979,0.24887601686338073,0
R002820,0.4902852089990234,0
R003571,0.20168209950313326,0
R003634,0.6415398723218638,1
R006086,0.296967499150621,0
R007228,0.4725798919330018,0
R007956,0.39677683190319724,0
R000188,0.2153761097170052,0
R000634,0.5157257778491425,1
R002764,0.7780642684019097,1
R003541,0.41671283262702236,0
R007271,0.6648154574517715,1
R008406,0.2701014636108244,0
R004679,0.8042021577821274,1
R005549,0.47544285521273205,0
R005685,0.3683034841428546,0
R006970,0.7076129755965621,1
R007286,0.5588622302957318,1
R007490,0.5917657338495437,1
R000748,0.3954647952079544,0
R002647,0.6794760230527329,1
R003025,0.2967655004520066,0
R006523,0.4334477334960779,0
R007059,0.2800984445014018,0
R007813,0.6398071647037538,1
R009205,0.3365878848717179,0
R001221,0.6509226053030047,1
R001265,0.5024310458016843,0
R002056,0.6285337595238286,1
R003463,0.6414580073809631,1
R004414,0.7166199758949368,1
R005509,0.5922885134523188,1
R006705,0.6642127919942368,1
R008450,0.42889858601678993,0
R009007,0.28460048510175157,0
R009228,0.267859554457848,0
R001682,0.4649329633733484,0
R004626,0.23931704481790117,0
R004706,0.5444231743690471,1
R004741,0.3736121477049757,0
R004842,0.6055445926545029,1
R002553,0.5805218669647719,1
R004715,0.41648674273624803,0
R006814,0.6803233797460608,1
R007701,0.6427892777828714,1
R001264,0.5004155003768408,0
R001365,0.405815833242584,0
R003174,0.6654631279064923,1
R003207,0.6463276509152662,1
R003746,0.4967298378977609,0
R003954,0.40947823637172553,0
R004913,0.6684336061263001,1
R005204,0.1815717455532748,0
R005360,0.6052443083224808,1
R006383,0.3546165760304224,0
R007674,0.2563183034335267,0
R001353,0.4653804913927712,0
R002128,0.6978251310436179,1
R002612,0.7165713846535677,1
R003525,0.535395901526188,1
R003951,0.6922826176345559,1
R004471,0.6921416467397474,1
R008092,0.2306689500537787,0
R008315,0.43981879984746913,0
R009106,0.544345999479249,1
R000905,0.5928417109952023,1
R002824,0.6908005285949377,1
R004164,0.5860305701062508,1
R005186,0.5828282225395623,1
R008176,0.24549449299190665,0
R001017,0.7012662525646861,1
R003803,0.6478818576104611,1
R004158,0.6364901567015511,1
R004403,0.6123202599476515,1
R005344,0.6671968929966089,1
R005427,0.5332629322135337,1
R006015,0.2687873963530989,0
R008286,0.27565819487820953,0
R008289,0.6086791439684834,1
R009282,0.625912646178148,1
R009451,0.6649338068392546,1
R000248,0.29464467884202816,0
R000337,0.6451634274261078,1
R002888,0.5786449088602355,1
R003706,0.5889072041760472,1
R005283,0.558214552272093,1
R006085,0.4207912656783383,0
R006092,0.14454513641863118,0
R008194,0.5736307719687225,1
R008377,0.5037416299692075,0
R009474,0.45792212740861876,0
R000160,0.14947951269542126,0
R002413,0.5572628384608584,1
R005473,0.21839117262898738,0
R007108,0.5932952485776465,1
R009257,0.635633487134725,1
R000780,0.334265719342174,0
R003624,0.21526635771540215,0
R003728,0.6240063785931925,1
R004120,0.7217827487867439,1
R005092,0.5866902973822096,1
R005484,0.5888536313233794,1
R005796,0.6190997249599275,1
R006699,0.6192417858398561,1
R001807,0.47881671807357556,0
R001916,0.6437919318333118,1
R002890,0.2689568845845357,0
R003574,0.29185893259910745,0
R003926,0.3507411810305124,0
R004097,0.22929522925393897,0
R004274,0.6438762081286609,1
R005970,0.5810111581307722,1
R005995,0.272346695778001,0
R009944,0.4760571792609049,0
R000449,0.5312410408148863,1
R001686,0.28763129316679753,0
R001959,0.5957415410897353,1
R003488,0.4869264019679841,0
R004128,0.6596568034425139,1
R006149,0.4727397014090151,0
R006820,0.5813401360754619,1
R008120,0.6274684806447861,1
R009317,0.6290184388397853,1
R000310,0.30584634794981996,0
R001477,0.4663599471653105,0
R002109,0.5946155739518441,1
R003001,0.6219134109539228,1
R003484,0.40276995446318314,0
R003990,0.5747566153621912,1
R006992,0.6620872747353184,1
R009090,0.5445990138386108,1
R009171,0.3275087185333147,0
R000577,0.6515410109422602,1
R001023,0.6313069202419912,1
R004690,0.7653771603037794,1
R005004,0.5723557301757398,1
R005139,0.6189703136549616,1
R005243,0.6510190944130644,1
R005696,0.4432278897695991,0
R006848,0.5558291163257126,1
R000216,0.56933815852746,1
R002681,0.23577698239030678,0
R003519,0.45305692332445197,0
R006716,0.26831535446913546,0
R009360,0.6886551487847906,1
R000131,0.5066018831338387,0
R003523,0.27938275741826124,0
R003854,0.5288259174520942,1
R005497,0.34352206365467236,0
R006363,0.5633714552335465,1
R007992,0.6033579892748021,1
R009175,0.27165667717929026,0
R000385,0.3420188770414938,0
R000438,0.2335831551223672,0
R003336,0.5608844715266142,1
R004697,0.5897843706542115,1
R005848,0.7205133547853022,1
R005972,0.47570827008199335,0
R008619,0.5243595333669115,1
R001523,0.7673956246443144,1
R003048,0.5915690954758355,1
R003622,0.5496482346090061,1
R004208,0.659384065343499,1
R005915,0.5988259753146267,1
R006158,0.681988171981485,1
R009906,0.6674562207971537,1
R001623,0.185600601578562,0
R002045,0.37998453211474637,0
R002743,0.5523678011539148,1
R004462,0.6810950311302193,1
R005854,0.7148430301328804,1
R006068,0.6532725610788168,1
R008841,0.5105885838900531,1
R008892,0.43084537882101215,0
R008936,0.3213715818409487,0
R000574,0.6760789256656926,1
R002763,0.4900065233540403,0
R003375,0.37976610786480836,0
R003492,0.6831367384748255,1
R003988,0.5817858135008617,1
R004938,0.6121329664531702,1
R005015,0.6404283335370285,1
R005038,0.5290145345914428,1
R009971,0.267296082304337,0
R009985,0.5491374099675969,1
R000621,0.4720227692884088,0
R000673,0.3533538471704898,0
R002777,0.7213374852016352,1
R003481,0.47488944265426997,0
R003552,0.595717667538566,1
R004107,0.5223893000483235,1
R006034,0.6572396197249336,1
R006810,0.5430724810055103,1
R007114,0.6283417133942127,1
R008933,0.2592027742544402,0
R009353,0.39643496707202264,0
R009743,0.6343909336591352,1
R000339,0.6478026987732567,1
R005006,0.23658756349893778,0
R006002,0.7838598786563103,1
R007360,0.4509303443353596,0
R008175,0.6884214837398995,1
R008730,0.6134679373982377,1
R009181,0.6536894824321325,1
R009472,0.763793384070537,1
R009517,0.6245253666139121,1
R000180,0.19938848524596653,0
R001039,0.613441672282096,1
R001069,0.28043083300982513,0
R004798,0.39842400576105225,0
R004801,0.5437176544523261,1
R005887,0.652304973314023,1
R006457,0.6588436420345922,1
R006594,0.5811333842262196,1
R006755,0.6922210558242207,1
R008320,0.4592360731738681,0
R009397,0.6190256704718724,1
R009445,0.25485069510362307,0
R000848,0.4475131167970973,0
R000937,0.6045258998556471,1
R002632,0.24607517470858048,0
R003139,0.5421899848464732,1
R005229,0.20199558771405285,0
R007612,0.5305943383742369,1
R007949,0.6035643954421304,1
R009447,0.42734926653302174,0
R009634,0.5010113256157085,0
R000239,0.7760894104194732,1
R000614,0.5749603175113983,1
R001801,0.6631384847808308,1
R002364,0.6727951161894499,1
R002469,0.6449439736738071,1
R004214,0.5991167985121286,1
R005313,0.3603184712495682,0
R005490,0.64841586329832,1
R005938,0.6122923856772323,1
R006662,0.4521279304593167,0
R007187,0.5347916625685896,1
R007467,0.39997582060310805,0
R001364,0.5619169688099699,1
R001999,0.603046831377691,1
R002015,0.1236230956207682,0
R004470,0.33710789541713004,0
R005521,0.27014233761259754,0
R006966,0.5466854758591481,1
R008481,0.5767414646710864,1
R002487,0.4318127163730656,0
R002919,0.48508112161241007,0
R003811,0.18182759659304093,0
R005669,0.5530831703805313,1
R007064,0.37233109125531216,0
R007339,0.3059526355502856,0
R008392,0.5557857260322652,1
R008624,0.6753969769932983,1
R002713,0.47586455766266234,0
R007293,0.6617679822562001,1
R007440,0.25619971126288704,0
R007833,0.6483049824767885,1
R008214,0.6181066650142581,1
R002540,0.5334687736172034,1
R003253,0.634930088289827,1
R005403,0.551406616822192,1
R006735,0.7340750266338351,1
R007137,0.3996281660375569,0
R002969,0.7226751968766686,1
R003370,0.5819622677295104,1
R003451,0.5915909258234933,1
R005751,0.5474376146363648,1
R005752,0.329057268881089,0
R006090,0.25174449864391163,0
R007394,0.47490929684983846,0
R008273,0.4451876931025755,0
R008861,0.4378433076727802,0
R009586,0.5353921875446067,1
R000502,0.20390077866669992,0
R000537,0.47424474980097153,0
R002797,0.7260028424964488,1
R004143,0.37825018601775323,0
R005959,0.6010229796226054,1
R007574,0.3293433139427755,0
R008786,0.66200219240189,1
R008904,0.5626718449607441,1
R000364,0.5806757185982714,1
R001273,0.6402061650899575,1
R002589,0.6976510178376545,1
R003586,0.3864586702072207,0
R003880,0.5260100492733237,1
R004756,0.7714175987006721,1
R006414,0.38533457358417267,0
R006601,0.7288446685828489,1
R007885,0.4566466361202853,0
R008430,0.3303940759378616,0
R008803,0.5389236214487698,1
R009241,0.48756633013419504,0
R009558,0.5954482666161606,1
R009631,0.44608174358394775,0
R000345,0.6056017054905952,1
R001454,0.4114149296509832,0
R003058,0.49990254511379784,0
R003683,0.6407590677043336,1
R004126,0.66190169254616,1
R004484,0.6781492687200621,1
R005029,0.36408203455737204,0
R005214,0.8103193784219269,1
R005829,0.45286681531090217,0
R006096,0.4868187268530718,0
R007652,0.6157298413304895,1
R007722,0.363339153303297,0
R008631,0.6740126369598468,1
R009632,0.4604591801029353,0
R001577,0.4669951328361087,0
R004686,0.6384749354013262,1
R006116,0.7223137399262921,1
R007797,0.6189033808195138,1
R009701,0.5668509251300519,1
R001809,0.6777353176626124,1
R001853,0.7541375625314792,1
R001903,0.24187575464464112,0
R002717,0.5925016832767198,1
R004420,0.612596822936606,1
R005119,0.6707350351610235,1
R005587,0.49398406706850356,0
R007762,0.6456766592941091,1
R008013,0.34546240828951497,0
R008992,0.6440845560022687,1
R009536,0.5711480066303664,1
R009680,0.6362219812321329,1
R000183,0.4418746578210121,0
R000386,0.6422364121872929,1
R001244,0.6251442345560572,1
R002587,0.597960792601404,1
R005722,0.5972014157092271,1
R007898,0.603535213320229,1
R008160,0.4839297774429989,0
R008422,0.5826749134753718,1
R008848,0.5983140007258296,1
R009869,0.689078136982828,1
